product_id,product_name,category,unit_price
1,Producto_1,Deportes,63580.36
2,Producto_2,Hogar,129339.45
3,Producto_3,Electrónica,57279.92
4,Producto_4,Deportes,132287.14
5,Producto_5,Electrónica,82326.55
6,Producto_6,Electrónica,134336.2
7,Producto_7,Alimentos,130484.36
8,Producto_8,Deportes,37455.41
9,Producto_9,Hogar,116435.44
10,Producto_10,Electrónica,40847.59
11,Producto_11,Ropa,103250.93
12,Producto_12,Electrónica,73136.02
13,Producto_13,Deportes,39619.34
14,Producto_14,Deportes,70596.39
15,Producto_15,Deportes,68290.68
16,Producto_16,Ropa,73098.13
17,Producto_17,Alimentos,50733.34
18,Producto_18,Ropa,84136.48
19,Producto_19,Alimentos,125745.2
20,Producto_20,Alimentos,134885.07
21,Producto_21,Ropa,4000.34
22,Producto_22,Alimentos,11509.07
23,Producto_23,Hogar,112859.84
24,Producto_24,Alimentos,22398.47
25,Producto_25,Electrónica,17034.68
26,Producto_26,Hogar,83433.74
27,Producto_27,Electrónica,84680.13
28,Producto_28,Ropa,142132.5
29,Producto_29,Deportes,138944.08
30,Producto_30,Ropa,121957.32
31,Producto_31,Hogar,3230.26
32,Producto_32,Ropa,89770.07
33,Producto_33,Alimentos,57086.24
34,Producto_34,Hogar,41294.86
35,Producto_35,Deportes,52903.77
36,Producto_36,Alimentos,147719.23
37,Producto_37,Alimentos,118059.22
38,Producto_38,Deportes,20863.0
39,Producto_39,Deportes,102815.43
40,Producto_40,Alimentos,18537.11
41,Producto_41,Ropa,58696.43
42,Producto_42,Deportes,95093.37
43,Producto_43,Hogar,22392.05
44,Producto_44,Alimentos,129939.74
45,Producto_45,Alimentos,61227.71
46,Producto_46,Alimentos,93923.96
47,Producto_47,Alimentos,49977.26
48,Producto_48,Electrónica,83470.8
49,Producto_49,Deportes,1382.78
50,Producto_50,Alimentos,139239.54
51,Producto_51,Ropa,2533.93
52,Producto_52,Deportes,90373.97
53,Producto_53,Deportes,39785.32
54,Producto_54,Electrónica,54182.35
55,Producto_55,Deportes,29120.15
56,Producto_56,Ropa,146753.92
57,Producto_57,Electrónica,42964.09
58,Producto_58,Deportes,18680.25
59,Producto_59,Hogar,127634.78
60,Producto_60,Ropa,108336.32
61,Producto_61,Alimentos,45994.18
62,Producto_62,Deportes,49400.5
63,Producto_63,Deportes,43947.1
64,Producto_64,Deportes,145013.18
65,Producto_65,Ropa,146293.27
66,Producto_66,Alimentos,91900.11
67,Producto_67,Ropa,133975.62
68,Producto_68,Deportes,106756.29
69,Producto_69,Ropa,42819.65
70,Producto_70,Hogar,57704.79
71,Producto_71,Hogar,76798.81
72,Producto_72,Electrónica,63829.77
73,Producto_73,Deportes,104313.5
74,Producto_74,Deportes,132285.24
75,Producto_75,Ropa,112179.3
76,Producto_76,Electrónica,9681.01
77,Producto_77,Ropa,27364.6
78,Producto_78,Electrónica,54414.12
79,Producto_79,Deportes,137448.21
80,Producto_80,Alimentos,139027.16
81,Producto_81,Ropa,103158.63
82,Producto_82,Deportes,1038.56
83,Producto_83,Hogar,54632.46
84,Producto_84,Hogar,35674.75
85,Producto_85,Hogar,55347.77
86,Producto_86,Alimentos,22895.56
87,Producto_87,Alimentos,58267.76
88,Producto_88,Electrónica,141579.35
89,Producto_89,Ropa,72550.61
90,Producto_90,Deportes,98824.53
91,Producto_91,Ropa,4187.77
92,Producto_92,Deportes,142894.55
93,Producto_93,Alimentos,71293.59
94,Producto_94,Electrónica,88174.11
95,Producto_95,Hogar,26339.71
96,Producto_96,Deportes,142142.73
97,Producto_97,Ropa,78117.92
98,Producto_98,Alimentos,139963.12
99,Producto_99,Ropa,89664.54
100,Producto_100,Alimentos,78090.42
101,Producto_101,Electrónica,2863.25
102,Producto_102,Electrónica,140092.15
103,Producto_103,Hogar,91942.53
104,Producto_104,Ropa,88509.43
105,Producto_105,Deportes,90822.83
106,Producto_106,Deportes,148890.93
107,Producto_107,Alimentos,124557.76
108,Producto_108,Alimentos,129395.98
109,Producto_109,Hogar,70026.18
110,Producto_110,Alimentos,134564.4
111,Producto_111,Deportes,103360.01
112,Producto_112,Hogar,139691.87
113,Producto_113,Ropa,51041.79
114,Producto_114,Ropa,70586.81
115,Producto_115,Alimentos,149911.2
116,Producto_116,Hogar,59671.03
117,Producto_117,Electrónica,77872.8
118,Producto_118,Hogar,140086.4
119,Producto_119,Electrónica,80447.97
120,Producto_120,Ropa,84197.72
121,Producto_121,Ropa,32256.46
122,Producto_122,Hogar,54016.19
123,Producto_123,Alimentos,59826.04
124,Producto_124,Hogar,92014.22
125,Producto_125,Deportes,111184.87
126,Producto_126,Hogar,45796.63
127,Producto_127,Ropa,99238.9
128,Producto_128,Electrónica,109410.59
129,Producto_129,Deportes,33195.01
130,Producto_130,Deportes,63692.48
131,Producto_131,Hogar,78858.95
132,Producto_132,Hogar,92419.43
133,Producto_133,Hogar,101483.75
134,Producto_134,Ropa,61852.15
135,Producto_135,Electrónica,34370.3
136,Producto_136,Electrónica,139657.11
137,Producto_137,Hogar,9227.22
138,Producto_138,Ropa,46546.96
139,Producto_139,Deportes,63945.79
140,Producto_140,Alimentos,149488.75
141,Producto_141,Alimentos,28734.97
142,Producto_142,Ropa,73653.4
143,Producto_143,Ropa,6496.6
144,Producto_144,Alimentos,91884.5
145,Producto_145,Electrónica,12739.04
146,Producto_146,Ropa,85159.39
147,Producto_147,Electrónica,83690.46
148,Producto_148,Electrónica,73537.8
149,Producto_149,Deportes,15397.08
150,Producto_150,Deportes,50006.47
151,Producto_151,Hogar,54738.05
152,Producto_152,Electrónica,55667.71
153,Producto_153,Ropa,96650.33
154,Producto_154,Ropa,106150.08
155,Producto_155,Deportes,102565.89
156,Producto_156,Alimentos,52462.78
157,Producto_157,Deportes,65636.86
158,Producto_158,Ropa,56001.29
159,Producto_159,Hogar,81257.43
160,Producto_160,Hogar,82090.41
161,Producto_161,Electrónica,133494.22
162,Producto_162,Hogar,124220.99
163,Producto_163,Deportes,95033.73
164,Producto_164,Electrónica,57547.81
165,Producto_165,Deportes,30849.34
166,Producto_166,Ropa,68895.71
167,Producto_167,Electrónica,116579.61
168,Producto_168,Electrónica,88227.36
169,Producto_169,Alimentos,44920.83
170,Producto_170,Alimentos,100893.29
171,Producto_171,Ropa,67446.75
172,Producto_172,Deportes,40155.81
173,Producto_173,Hogar,19583.37
174,Producto_174,Electrónica,37333.05
175,Producto_175,Electrónica,66474.81
176,Producto_176,Hogar,108612.29
177,Producto_177,Electrónica,77667.76
178,Producto_178,Alimentos,41139.43
179,Producto_179,Alimentos,55499.79
180,Producto_180,Ropa,65246.51
181,Producto_181,Alimentos,107769.85
182,Producto_182,Electrónica,51896.55
183,Producto_183,Ropa,28136.73
184,Producto_184,Ropa,28363.68
185,Producto_185,Alimentos,21753.22
186,Producto_186,Deportes,35982.82
187,Producto_187,Electrónica,82023.82
188,Producto_188,Hogar,20758.14
189,Producto_189,Deportes,63083.57
190,Producto_190,Hogar,91725.95
191,Producto_191,Electrónica,85675.51
192,Producto_192,Electrónica,96012.88
193,Producto_193,Hogar,135874.15
194,Producto_194,Deportes,124279.09
195,Producto_195,Electrónica,137745.1
196,Producto_196,Deportes,27959.53
197,Producto_197,Hogar,99744.63
198,Producto_198,Ropa,135974.39
199,Producto_199,Ropa,37576.13
200,Producto_200,Deportes,25781.66
